Location,Experience,Salary
Mumbai,1 - 3  Years,As per Industry Standards
Gurgaon,5 - 8  Years,As per Industry Standards
Gurgaon,2 - 5  Years,As per Industry Standards
"Navi Mumbai,  Mumbai,  Thane",1 - 3  Years,As per Industry Standards
Noida/Greater Noida,2 - 5  Years,As per Industry Standards
Bengaluru / Bangalore,2 - 3  Years,As per Industry Standards
Kolkata,2 - 5  Years,As per Industry Standards
Calicut/ Kozhikode,0 - 3  Years,As per Industry Standards
"Gurgaon,  Mumbai,  Bengaluru / Bangalore",3 - 6  Years,As per Industry Standards
Noida/Greater Noida,2 - 5  Years,As per Industry Standards
"Navi Mumbai,  Mumbai",4 - 7  Years,As per Industry Standards
Hyderabad/Secunderabad,1 - 3  Years,As per Industry Standards
"Hyderabad/Secunderabad,  Chennai",2 - 4  Years,As per Industry Standards
Bengaluru / Bangalore,4 - 7  Years,As per Industry Standards
Mumbai,2 - 3  Years,As per Industry Standards
Chennai,2 - 5  Years,As per Industry Standards
None,4 - 16  Years,As per Industry Standards
Chennai,5 - 8  Years,As per Industry Standards
Hyderabad/Secunderabad,0 - 3  Years,As per Industry Standards
Chennai,1 - 4  Years,As per Industry Standards
Mumbai,5 - 8  Years,As per Industry Standards
Thiruvananthapuram,5 - 10  Years,As per Industry Standards
Cochin/ Kochi/ Ernakulam,2 - 3  Years,As per Industry Standards
Surat,9 - 12  Years,As per Industry Standards
Tirupati,0 - 3  Years,As per Industry Standards
